Revenue,count,share
False,10422,0.8452554744525548
True,1908,0.15474452554744525
