scenario,model,best_params,cv_f1,accuracy,balanced_accuracy,precision,recall,f1,roc_auc,pr_auc
without_page_values,random_forest_champion,"{'model__max_depth': None, 'model__max_features': 'sqrt', 'model__min_samples_leaf': 20}",0.4194352234458248,0.6861313868613139,0.6806772618102521,0.2836644591611479,0.6727748691099477,0.39906832298136646,0.757181366884063,0.3529025555443923
without_page_values,logistic_regression,{'model__C': 0.1},0.3945544606393298,0.6309813463098135,0.6779790676407633,0.25956284153005466,0.7460732984293194,0.3851351351351351,0.7364499904533167,0.3269017991814055
without_page_values,decision_tree,"{'model__max_depth': 8, 'model__min_samples_leaf': 100}",0.3938820618424599,0.6553122465531225,0.668856960537026,0.26458752515090544,0.6884816753926701,0.38226744186046513,0.7407598154977842,0.3231420133839457
without_page_values,gradient_boosting,"{'model__learning_rate': 0.1, 'model__max_depth': 5, 'model__n_estimators': 200, 'model__subsample': 1.0}",0.23862006488059354,0.8422546634225466,0.5549763342746028,0.4690265486725664,0.1387434554973822,0.21414141414141416,0.7622976354372885,0.3503190865775053
without_page_values,knn,"{'model__n_neighbors': 7, 'model__weights': 'distance'}",0.18448381552404777,0.8292781832927818,0.541953904593462,0.35555555555555557,0.1256544502617801,0.18568665377176016,0.6710508134779071,0.27288518579840143
without_page_values,dummy_baseline,{},0.0,0.8450932684509327,0.5,0.0,0.0,0.0,0.5,0.1549067315490673
