Month,conversion_rate,sessions
Feb,0.016304347826086956,184
Mar,0.10068169900367069,1907
May,0.10850178359096314,3364
June,0.10069444444444445,288
Jul,0.1527777777777778,432
Aug,0.17551963048498845,433
Sep,0.19196428571428573,448
Oct,0.20947176684881602,549
Nov,0.25350233488992663,2998
Dec,0.1250723798494499,1727
