VisitorType,conversion_rate,sessions
New_Visitor,0.24911452184179456,1694
Other,0.18823529411764706,85
Returning_Visitor,0.1393232868922377,10551
